<core:FragmentDefinition height="100%" class="sapUiContentPadding" xmlns="sap.m" xmlns:core="sap.ui.core" xmlns:f="sap.ui.layout.form">
	<Dialog title="Create Driver">
		<content >
			<f:SimpleForm id="SimpleFormDisplay354" editable="true" adjustLabelSpan="false" maxContainerCols="2" layout="ResponsiveGridLayout"
				labelSpanL="4" labelSpanM="3" emptySpanL="2" emptySpanM="4" columnsL="2" columnsM="2" labelSpanS="4" emptySpanS="0"
				singleContainerFullSize="false">
				<f:content>
					<Label text="Last Name" required = "true"/>
					<Input id="idLastName" maxLength="20"/>
					<Label text="First Name"/>
					<Input id="idFirstName" maxLength="18"/>
					<Label text="Carrier ID"/>
					<Input id="idCarrierID" maxLength="30" showValueHelp = "true" valueHelpRequest = "onCarrierF4" valueHelpOnly = "true"/>
				</f:content>
			</f:SimpleForm>
		</content>
		<beginButton>
			<Button text="Save" press="onCreateDriver" type="Accept"/>
		</beginButton>
		<endButton>
			<Button text="Close" press="onCreateDriverClose" type="Reject"/>
		</endButton>
	</Dialog>
</core:FragmentDefinition>