<core:FragmentDefinition height="100%" class="sapUiContentPadding" xmlns="sap.m" xmlns:core="sap.ui.core">
	<TableSelectDialog noDataText="No Order" contentWidth="30%" liveChange="handleOrderSearch" title="Select Order"
		search="handleOrderSearch" confirm="onOrderSelect" items="{orderModel>/}">
		<columns>
			<Column>
				<Text text="Sales Order"/>
			</Column>
			<Column>
				<Text text="Customer Refernce"/>
			</Column>
		</columns>
		<items>
			<ColumnListItem>
				<cells>
					<Text text="{orderModel>SalesOrderNo}"/>
					<Text text="{orderModel>CustomerReference}"/>
				</cells>
			</ColumnListItem>
		</items>
	</TableSelectDialog>
</core:FragmentDefinition>