<core:FragmentDefinition height="100%" class="sapUiContentPadding" xmlns="sap.m" xmlns:core="sap.ui.core">
	<TableSelectDialog noDataText="No Drivers" contentWidth="30%" liveChange="handleDriverSearch" title="Select Driver"
		search="handleDriverSearch" confirm="onDriverSelect" items="{driverModel>/}">
		<columns>
			<Column>
				<Text text="Driver Name"/>
			</Column>
			<Column hAlign= "Center">
				<Text text="Driver Code"/>
			</Column>
			<Column hAlign= "Center">
				<Text text="Ext. Personnel No."/>
			</Column>
		</columns>
		<items>
			<ColumnListItem>
				<cells>
					<Text text="{driverModel>DriverName}"/>
					<Text text="{driverModel>DriverCode}"/>
					<Text text="{driverModel>PersonnelNumber}"/>
				</cells>
			</ColumnListItem>
		</items>
	</TableSelectDialog>
</core:FragmentDefinition>