<core:FragmentDefinition height="100%" class="sapUiContentPadding" xmlns="sap.m" xmlns:core="sap.ui.core">
	<TableSelectDialog noDataText="No Order" contentWidth="100%" liveChange="onSearchPO" title="Select Purchase Order"
		items="{POModel>/}" confirm="onPOConfirm">
		<columns>
			<Column>
				<Text text="Purchase Order"/>
			</Column>
			<Column>
				<Text text="Purchase Order Item"/>
			</Column>
			<Column>
				<Text text="Company Code"/>
			</Column>
			<Column>
				<Text text="Material"/>
			</Column>
			<Column>
				<Text text="Plant"/>
			</Column>
			<Column>
				<Text text="Quantity"/>
			</Column>
			<Column>
				<Text text="UOM"/>
			</Column>
			<Column>
				<Text text="Ship To Party"/>
			</Column>
			<Column>
				<Text text="Material Description"/>
			</Column>
		</columns>
		<items>
			<ColumnListItem>
				<cells>
					<Text text="{POModel>PurchaseOrderNo}"/>
					<Text text="{POModel>PurchaseOrderItemNo}"/>
					<Text text="{POModel>CompanyCode}"/>
					<Text text="{POModel>Material}"/>
					<Text text="{POModel>Plant}"/>
					<Text text="{POModel>Quantity}"/>
					<Text text="{POModel>PurchaseUnitOfMeasure}"/>
					<Text text="{POModel>ShipToPartyName}"/>
					<Text text="{POModel>MaterialDesc}"/>
				</cells>
			</ColumnListItem>
		</items>
	</TableSelectDialog>
</core:FragmentDefinition>