<core:FragmentDefinition height="100%" class="sapUiContentPadding" xmlns="sap.m" xmlns:core="sap.ui.core" xmlns:f="sap.ui.layout.form">
	<P13nDialog contentWidth="40%" ok="okPurchase" cancel="onPurchaseCancel" class="sapUiSizeCompact" title="PO/Purchase Contract">
		<f:SimpleForm id="simpleFrom364" minWidth="1024" maxContainerCols="2" layout="ResponsiveLayout" editable="true" visible="true">
			<f:content>
				<Label text="Vendor"/>
				<Input id="vendorPrdHelp" required="true" type="Text" showValueHelp="true" valueHelpOnly="true" valueHelpRequest="getVendorPrdHelp"/>
				<Label text="Plant"/>
				<Input id="plantPrdHelp" type="Text" showValueHelp="true" valueHelpOnly="true" valueHelpRequest="getPlantPrdHelp"/>
				<Label text="Purchasing group"/>
				<ComboBox id="purchasingGrpPrdHelp" filterSecondaryValues="true" change="checkPurchaseGrpPrdHelp" showSecondaryValues="true"
					items="{purchaseGrpPrdHelpData>/}">
					<core:ListItem key="{purchaseGrpPrdHelpData>PurchasingGroup}" text="{purchaseGrpPrdHelpData>PurchasingGroupTxt}"
						additionalText="{purchaseGrpPrdHelpData>PurchasingGroup}"/>
				</ComboBox>
				<Label text="Purchase order"/>
				<Input id="purchaseOrderHelp" type="Text"/>
			</f:content>
		</f:SimpleForm>
	</P13nDialog>
</core:FragmentDefinition>