<core:FragmentDefinition height="100%" class="sapUiContentPadding" xmlns="sap.m" xmlns:core="sap.ui.core">
	<TableSelectDialog noDataText="No Transporter" contentWidth="30%" liveChange="handleTranporterSearch" title="Select Transporter/Carrier"
		search="handleTranporterSearch" confirm="onTransporterF4Select" items="{transporterModel>/}">
		<columns>
			<Column>
				<Text text="Vendor Name"/>
			</Column>
			<Column>
				<Text text="Vendor No."/>
			</Column>
		</columns>
		<items>
			<ColumnListItem>
				<cells>
					<Text text="{transporterModel>VendorTxt}"/>
					<Text text="{transporterModel>Vendor}"/>
				</cells>
			</ColumnListItem>
		</items>
	</TableSelectDialog>
</core:FragmentDefinition>