<core:FragmentDefinition height="100%" class="sapUiContentPadding" xmlns="sap.m" xmlns:core="sap.ui.core" xmlns:f="sap.ui.layout.form">
	<P13nDialog ok="onCreateTrip" cancel="onFragCancel" class="sapUiSizeCompact" title="Truck Creation">
		<f:SimpleForm id="SimpleFormDisplay354" minWidth="1024" maxContainerCols="2" editable="true" layout="ResponsiveGridLayout"
			title="{i18n>title_info}" labelSpanL="4" labelSpanM="3" emptySpanL="2" emptySpanM="4"
			columnsL="2" columnsM="2">
			<f:content>
				<core:Title text="" />
				<Label text="{i18n>truck_reg}"/>
				<Input id="trukRegFrg" maxLength="10"/>
				<Label text="{i18n>iso_num}"/>
				<Input id="isoNumFrg" maxLength="18"/>
				<Label text="{i18n>transporter_name}"/>
				<Input id="trpNameFrg" maxLength="20" showValueHelp = "true" valueHelpRequest="onTransporterF4" valueHelpOnly = "true"/>
				<Label text="{i18n>tank_barrel_id}"/>
				<Input id="tankBarIdFrg" maxLength="30"/>
				<core:Title text="" />
				<Label text="{i18n>is_own_vehicle}"/>
				<CheckBox id="ownVehicle"/>
				<Label text="{i18n>MaxWeight}"/>
				<Input id="MaxWeight" maxLength="30"/>
				<Label text="{i18n>uom}"/>
				<Input id="inputHelpUOM" type="Text" showValueHelp="true" valueHelpOnly="true" valueHelpRequest="onValueHelpRequested"/>
		</f:content>
	</f:SimpleForm>
	<Table id="creTripsTbl" class="sapUiContentPadding" items="{path:'newTruckCreation>/compartment'}">
		<headerToolbar>
			<OverflowToolbar>
				<ToolbarSpacer/>
				<Button type="Default" text = "Add compartment" icon="sap-icon://add" press="onPressAddRow('')"></Button>
			</OverflowToolbar>
		</headerToolbar>
		<columns>
			<Column vAlign="Middle" hAlign="Center">
				<Text text="{i18n>compartment}"/>
			</Column>
			<Column vAlign="Middle" hAlign="Center">
				<Text text="{i18n>filling_capacity}"/>
			</Column>
			<Column width="2em">
				<Text text=""/>
			</Column>
		</columns>
		<items>
			<ColumnListItem>
				<cells>
					<Text text="{newTruckCreation>compartment_name}"/>
					<FlexBox alignItems="Center" justifyContent="Center">
						<Input/>
						<Title titleStyle="H4" text="L"/>
					</FlexBox>
					<core:Icon src="sap-icon://delete" press="onDeleteRow"/>
				</cells>
			</ColumnListItem>
		</items>
	</Table>
</P13nDialog>
</core:FragmentDefinition>