<core:FragmentDefinition height="100%" class="sapUiContentPadding" xmlns="sap.m" xmlns:core="sap.ui.core">
	<TableSelectDialog noDataText="No Trucks" contentWidth="30%" liveChange="handleTruckSearch" title="Select Truck"
		search="handleTruckSearch" confirm="onTruckF4Select" items="{truckModel>/}">
		<columns>
			<Column>
				<Text text="Truck Name"/>
			</Column>
			<Column>
				<Text text="Truck No."/>
			</Column>
		</columns>
		<items>
			<ColumnListItem>
				<cells>
					<Text text="{truckModel>TruckTxt}"/>
					<Text text="{truckModel>TruckNo}"/>
				</cells>
			</ColumnListItem>
		</items>
	</TableSelectDialog>
</core:FragmentDefinition>