<core:FragmentDefinition xmlns="sap.m" xmlns:core="sap.ui.core">
	<TableSelectDialog noDataText="{i18n>vhb_no_data}" contentWidth="30%" liveChange="handleSearch" title="{i18n>vhb_title}"
		search="handleSearch" confirm="onValueHelpOkPress" items="{ path : 'truckCreationUOM>/'}">
		<columns>
			<Column>
				<Text text="{i18n>vhb_uom}"/>
			</Column>
			<Column>
				<Text text="{i18n>vhb_uom_description}"/>
			</Column>
		</columns>
		<items>
			<ColumnListItem>
				<cells>
					<Text text="{truckCreationUOM>UnitOfMeasure}"/>
					<Text text="{truckCreationUOM>UnitOfMeasureTxt}"/>
				</cells>
			</ColumnListItem>
		</items>
	</TableSelectDialog>
</core:FragmentDefinition>