<core:FragmentDefinition xmlns="sap.m" xmlns:core="sap.ui.core">
	<TableSelectDialog id="purchaseOrdTable" noDataText="No Data Found" liveChange="handleSearchPurchaseContract"
		title="Select Purchase Contract" search="handleSearchPurchaseContract" confirm="onConfirmPurchaseContract"
		cancel="cancelPurchaseOrdTable"
		items="{ path : 'purchaseContractData>/'}">
		<columns>
			<Column>
				<Text text="Document Number"/>
			</Column>
			<Column>
				<Text text="Document Type"/>
			</Column>
			<Column minScreenWidth="Tablet" demandPopin="true" popinDisplay="Inline">
				<Text text="Purchase Grp."/>
			</Column>
			<Column minScreenWidth="Tablet" demandPopin="true" popinDisplay="Inline">
				<Text text="Plant"/>
			</Column>
		</columns>
		<items>
			<ColumnListItem>
				<cells>
					<Text text="{purchaseContractData>DocNumber}"/>
					<Text text="{purchaseContractData>DocTypeWithTxt}"/>
					<Text text="{purchaseContractData>PurchasingGroupWithTxt}"/>
					<Text text="{purchaseContractData>PlantWithTxt}"/>
				</cells>
			</ColumnListItem>
		</items>
	</TableSelectDialog>
</core:FragmentDefinition>