<core:FragmentDefinition xmlns="sap.m" xmlns:core="sap.ui.core">
	<TableSelectDialog noDataText="No Data Found" contentWidth="30%" liveChange="handleSearchVendor" title="Select Vendor"
		search="handleSearchVendor" confirm="onConfirmHelpVendor" items="{ path : 'vendorPrdHelpData>/'}">
		<columns>
			<Column>
				<Text text="Vendor"/>
			</Column>
			<Column>
				<Text text="Description"/>
			</Column>
		</columns>
		<items>
			<ColumnListItem>
				<cells>
					<Text text="{vendorPrdHelpData>Vendor}"/>
					<Text text="{vendorPrdHelpData>VendorTxt}"/>
				</cells>
			</ColumnListItem>
		</items>
	</TableSelectDialog>
</core:FragmentDefinition>