<core:FragmentDefinition xmlns="sap.m" xmlns:core="sap.ui.core">
	<TableSelectDialog noDataText="No Data Found" contentWidth="30%" liveChange="handleSearchPlant" title="Select Plant"
		search="handleSearchPlant" confirm="onConfirmHelpPlant" items="{ path : 'plantPrdHelpData>/'}">
		<columns>
			<Column>
				<Text text="Plant"/>
			</Column>
			<Column>
				<Text text="Description"/>
			</Column>
		</columns>
		<items>
			<ColumnListItem>
				<cells>
					
					<Text text="{plantPrdHelpData>Plant}"/>
					<Text text="{plantPrdHelpData>PlantTxt}"/>
				</cells>
			</ColumnListItem>
		</items>
	</TableSelectDialog>
</core:FragmentDefinition>