<core:FragmentDefinition xmlns="sap.m" xmlns:core="sap.ui.core">
	<TableSelectDialog id="custRefValueHelp" noDataText="{i18n>vh_no_data}" liveChange="handleSearchCustRef" title="{i18n>vh_title}"
		search="handleSearchCustRef" confirm="onCustRefOkPress" items="{ path : 'customerInfo>/'}" contentWidth="100%">
		<columns>
			<Column width="11rem">
				<Text text="{i18n>vh_sales_order_no}"/>
			</Column>
			<Column width="9rem">
				<Text text="{i18n>vh_customer_reference}"/>
			</Column>
			<Column visible="false">
				<Text text="{i18n>vh_quantity}"/>
			</Column>
			<Column minScreenWidth="Tablet" demandPopin="true" popinDisplay="Inline" visible="false">
				<Text text="{i18n>vh_truck_uom}"/>
			</Column>
			<Column width = "4rem" minScreenWidth="Tablet" demandPopin="true" popinDisplay="Inline">
				<Text text="{i18n>vh_plant}"/>
			</Column>
			<Column hAlign = "Center" width = "6rem" minScreenWidth="Tablet" demandPopin="true" popinDisplay="Inline">
				<Text text="{i18n>vh_inco_terms}"/>
			</Column>
			<Column width = "4rem" minScreenWidth="Tablet" demandPopin="true" popinDisplay="Inline">
				<Text text="{i18n>vh_sales_org}"/>
			</Column>
			<Column width = "6rem" minScreenWidth="Tablet" demandPopin="true" popinDisplay="Inline">
				<Text text="{i18n>vh_sales_qty}"/>
			</Column>
			<Column width = "4rem" minScreenWidth="Tablet" demandPopin="true" popinDisplay="Inline">
				<Text text="{i18n>vh_sales_unit_of_measure}"/>
			</Column>
			<Column width = "6rem" minScreenWidth="Tablet" demandPopin="true" popinDisplay="Inline">
				<Text text="Material"/>
			</Column>
			<Column width = "15rem" minScreenWidth="Tablet" demandPopin="true" popinDisplay="Inline">
				<Text text="Material Desc."/>
			</Column>
			<Column width = "15rem">
				<Text text="{i18n>vh_ShipToPartyName}"/>
			</Column>
			<Column visible="false">
				<Text text="Volume UOM"/>
			</Column>
			<Column width = "5rem" minScreenWidth="Tablet" demandPopin="true" popinDisplay="Inline">
				<Text text="{i18n>vh_Shipping_point}"/>
			</Column>
		</columns>
		<items>
			<ColumnListItem>
				<cells>
					<Text text="{customerInfo>SalesOrderWithItemNo}"/>
					<Text text="{customerInfo>CustomerReference}"/>
					<Text text="{customerInfo>QtyInInputUOM}"/>
					<Text text="{customerInfo>p_uom}"/>
					<Text text="{customerInfo>Plant}"/>
					<Text text="{customerInfo>IncoTerms}"/>
					<Text text="{customerInfo>SalesOrg}"/>
					<Text text="{customerInfo>Quantity}"/>
					<Text text="{customerInfo>SalesUnitOfMeasure}"/>
					<Text text="{customerInfo>Material}"/>
					<Text text="{customerInfo>MaterialDescription}"/>
					<Text text="{customerInfo>ShipToPartyName}"/>
					<Text text="{customerInfo>VolumeUOM}"/>
					<Text text="{customerInfo>ShippingPoint}"/>
				</cells>
			</ColumnListItem>
		</items>
	</TableSelectDialog>
</core:FragmentDefinition>