<edmx:Edmx xmlns:edmx="http://schemas.microsoft.com/ado/2007/06/edmx"
	xmlns:m="http://schemas.microsoft.com/ado/2007/08/dataservices/metadata" xmlns:sap="http://www.sap.com/Protocols/SAPData" Version="1.0">
	<edmx:DataServices m:DataServiceVersion="2.0">
		<Schema xmlns="http://schemas.microsoft.com/ado/2008/09/edm" Namespace="ZOGS_TRUCK_SRV" xml:lang="en" sap:schema-version="1">
			<EntityType Name="Truck" sap:content-version="1">
				<Key><PropertyRef Name="TruckNo"/><PropertyRef Name="ISOCompartNo"/></Key><Property Name="DriverName" Type="Edm.String" Nullable="false" MaxLength="40" sap:unicode="false" sap:label="Driver Name"
					sap:creatable="false" sap:updatable="false" sap:sortable="false" sap:filterable="false"/><Property Name="TruckTxt" Type="Edm.String" Nullable="false" MaxLength="40" sap:unicode="false" sap:label="Truck text" sap:creatable="false"
					sap:updatable="false" sap:sortable="false" sap:filterable="false"/><Property Name="NoOfCompartments" Type="Edm.Int32" Nullable="false" sap:unicode="false" sap:label="No Of Compartments" sap:creatable="false"
					sap:updatable="false" sap:sortable="false" sap:filterable="false"/><Property Name="TruckNo" Type="Edm.String" Nullable="false" MaxLength="10" sap:unicode="false" sap:label="Truck Number"
					sap:creatable="false" sap:updatable="false" sap:sortable="false" sap:filterable="false"/><Property Name="ISOCompartNo" Type="Edm.String" Nullable="false" MaxLength="18" sap:unicode="false" sap:label="ISO Compart No"
					sap:creatable="false" sap:updatable="false" sap:sortable="false" sap:filterable="false"/><Property Name="TransporterName" Type="Edm.String" Nullable="false" MaxLength="20" sap:unicode="false" sap:label="Transporter Name"
					sap:creatable="false" sap:updatable="false" sap:sortable="false" sap:filterable="false"/><Property Name="BarrelID" Type="Edm.String" Nullable="false" MaxLength="30" sap:unicode="false" sap:label="Barrel ID" sap:creatable="false"
					sap:updatable="false" sap:sortable="false" sap:filterable="false"/><Property Name="C1" Type="Edm.Decimal" Precision="13" Scale="3" sap:unicode="false" sap:unit="UOM" sap:label="C1" sap:creatable="false"
					sap:updatable="false" sap:sortable="false" sap:filterable="false"/><Property Name="C2" Type="Edm.Decimal" Precision="13" Scale="3" sap:unicode="false" sap:unit="UOM" sap:label="C2" sap:creatable="false"
					sap:updatable="false" sap:sortable="false" sap:filterable="false"/><Property Name="C3" Type="Edm.Decimal" Precision="13" Scale="3" sap:unicode="false" sap:unit="UOM" sap:label="C3" sap:creatable="false"
					sap:updatable="false" sap:sortable="false" sap:filterable="false"/><Property Name="C4" Type="Edm.Decimal" Precision="13" Scale="3" sap:unicode="false" sap:unit="UOM" sap:label="C4" sap:creatable="false"
					sap:updatable="false" sap:sortable="false" sap:filterable="false"/><Property Name="C5" Type="Edm.Decimal" Precision="13" Scale="3" sap:unicode="false" sap:unit="UOM" sap:label="C5" sap:creatable="false"
					sap:updatable="false" sap:sortable="false" sap:filterable="false"/><Property Name="C6" Type="Edm.Decimal" Precision="13" Scale="3" sap:unicode="false" sap:unit="UOM" sap:label="C6" sap:creatable="false"
					sap:updatable="false" sap:sortable="false" sap:filterable="false"/><Property Name="C7" Type="Edm.Decimal" Precision="13" Scale="3" sap:unicode="false" sap:unit="UOM" sap:label="C7" sap:creatable="false"
					sap:updatable="false" sap:sortable="false" sap:filterable="false"/><Property Name="C8" Type="Edm.Decimal" Precision="13" Scale="3" sap:unicode="false" sap:unit="UOM" sap:label="C8" sap:creatable="false"
					sap:updatable="false" sap:sortable="false" sap:filterable="false"/><Property Name="UOM" Type="Edm.String" Nullable="false" MaxLength="3" sap:unicode="false" sap:label="UOM" sap:creatable="false"
					sap:updatable="false" sap:sortable="false" sap:filterable="false" sap:semantics="unit-of-measure"/><NavigationProperty Name="Orders" Relationship="ZOGS_TRUCK_SRV.TruckOrder" FromRole="FromRole_TruckOrder" ToRole="ToRole_TruckOrder"/></EntityType>
			<EntityType Name="Order" sap:content-version="1">
				<Key><PropertyRef Name="SalesOrderNo"/></Key><Property Name="SalesOrderNo" Type="Edm.String" Nullable="false" MaxLength="10" sap:unicode="false" sap:label="Sales Order No"
					sap:creatable="false" sap:updatable="false" sap:sortable="false" sap:filterable="false"/><Property Name="OrderType" Type="Edm.String" Nullable="false" MaxLength="4" sap:unicode="false" sap:label="Order Type" sap:creatable="false"
					sap:updatable="false" sap:sortable="false" sap:filterable="false"/><Property Name="OrderTypeTxt" Type="Edm.String" Nullable="false" MaxLength="20" sap:unicode="false" sap:label="Order Type text"
					sap:creatable="false" sap:updatable="false" sap:sortable="false" sap:filterable="false"/><Property Name="CustomerRefNo" Type="Edm.String" Nullable="false" MaxLength="20" sap:unicode="false" sap:label="Cust. Reference"
					sap:creatable="false" sap:updatable="false" sap:sortable="false" sap:filterable="false"/><Property Name="Quantity" Type="Edm.Decimal" Nullable="false" Precision="15" Scale="3" sap:unicode="false" sap:unit="UOM"
					sap:label="Order quantity" sap:creatable="false" sap:updatable="false" sap:sortable="false" sap:filterable="false"/><Property Name="IncoTerms" Type="Edm.String" Nullable="false" MaxLength="3" sap:unicode="false" sap:label="Incoterms" sap:creatable="false"
					sap:updatable="false" sap:sortable="false" sap:filterable="false"/><Property Name="Plant" Type="Edm.String" Nullable="false" MaxLength="4" sap:unicode="false" sap:label="Plant" sap:creatable="false"
					sap:updatable="false" sap:sortable="false" sap:filterable="false"/><Property Name="PlantTxt" Type="Edm.String" Nullable="false" MaxLength="30" sap:unicode="false" sap:label="Plant text" sap:creatable="false"
					sap:updatable="false" sap:sortable="false" sap:filterable="false"/><Property Name="C1" Type="Edm.Decimal" Nullable="false" Precision="13" Scale="3" sap:unicode="false" sap:unit="UOM" sap:label="C1"
					sap:creatable="false" sap:updatable="false" sap:sortable="false" sap:filterable="false"/><Property Name="C2" Type="Edm.Decimal" Nullable="false" Precision="13" Scale="3" sap:unicode="false" sap:unit="UOM" sap:label="C2"
					sap:creatable="false" sap:updatable="false" sap:sortable="false" sap:filterable="false"/><Property Name="C3" Type="Edm.Decimal" Nullable="false" Precision="13" Scale="3" sap:unicode="false" sap:unit="UOM" sap:label="C3"
					sap:creatable="false" sap:updatable="false" sap:sortable="false" sap:filterable="false"/><Property Name="C4" Type="Edm.Decimal" Nullable="false" Precision="13" Scale="3" sap:unicode="false" sap:unit="UOM" sap:label="C4"
					sap:creatable="false" sap:updatable="false" sap:sortable="false" sap:filterable="false"/><Property Name="C5" Type="Edm.Decimal" Nullable="false" Precision="13" Scale="3" sap:unicode="false" sap:unit="UOM" sap:label="C5"
					sap:creatable="false" sap:updatable="false" sap:sortable="false" sap:filterable="false"/><Property Name="C6" Type="Edm.Decimal" Nullable="false" Precision="13" Scale="3" sap:unicode="false" sap:unit="UOM" sap:label="C6"
					sap:creatable="false" sap:updatable="false" sap:sortable="false" sap:filterable="false"/><Property Name="C7" Type="Edm.Decimal" Nullable="false" Precision="13" Scale="3" sap:unicode="false" sap:unit="UOM" sap:label="C7"
					sap:creatable="false" sap:updatable="false" sap:sortable="false" sap:filterable="false"/><Property Name="C8" Type="Edm.Decimal" Nullable="false" Precision="13" Scale="3" sap:unicode="false" sap:unit="UOM" sap:label="C8"
					sap:creatable="false" sap:updatable="false" sap:sortable="false" sap:filterable="false"/><Property Name="UOM" Type="Edm.String" Nullable="false" MaxLength="3" sap:unicode="false" sap:label="UOM" sap:creatable="false"
					sap:updatable="false" sap:sortable="false" sap:filterable="false" sap:semantics="unit-of-measure"/><NavigationProperty Name="Trucks" Relationship="ZOGS_TRUCK_SRV.TruckOrder" FromRole="ToRole_TruckOrder" ToRole="FromRole_TruckOrder"/></EntityType>
			<Association Name="TruckOrder" sap:content-version="1"><End Type="ZOGS_TRUCK_SRV.Truck" Multiplicity="1" Role="FromRole_TruckOrder"/><End Type="ZOGS_TRUCK_SRV.Order" Multiplicity="*" Role="ToRole_TruckOrder"/></Association>
			<EntityContainer Name="ZOGS_TRUCK_SRV_Entities" m:IsDefaultEntityContainer="true" sap:supported-formats="atom json xlsx"><EntitySet Name="Trucks" EntityType="ZOGS_TRUCK_SRV.Truck" sap:creatable="false" sap:updatable="false" sap:deletable="false"
				sap:pageable="false" sap:content-version="1"/><EntitySet Name="Orders" EntityType="ZOGS_TRUCK_SRV.Order" sap:creatable="false" sap:updatable="false" sap:deletable="false"
				sap:pageable="false" sap:content-version="1"/>
				<AssociationSet Name="TruckOrderSet" Association="ZOGS_TRUCK_SRV.TruckOrder" sap:creatable="false" sap:updatable="false"
					sap:deletable="false" sap:content-version="1"><End EntitySet="Trucks" Role="FromRole_TruckOrder"/><End EntitySet="Orders" Role="ToRole_TruckOrder"/></AssociationSet>
			</EntityContainer><atom:link xmlns:atom="http://www.w3.org/2005/Atom" rel="self"
				href="https://fiori-dev.enocmasar.com:44301/sap/opu/odata/sap/ZOGS_TRUCK_SRV/$metadata"/><atom:link xmlns:atom="http://www.w3.org/2005/Atom" rel="latest-version"
				href="https://fiori-dev.enocmasar.com:44301/sap/opu/odata/sap/ZOGS_TRUCK_SRV/$metadata"/></Schema>
	</edmx:DataServices>
</edmx:Edmx>